,Strategy,沪深300,中证500
2015-01-05,0.0,0.0,0.0
2015-01-06,0.0,-0.013236154693849964,1.1601772709961913
2015-01-07,-0.03588087549335323,0.061759568270679806,1.31483803724449
2015-01-08,-2.3179045568711825,-2.2595379263888598,0.4987985084780136
2015-01-09,-2.676713311804796,-2.603787792036399,-0.14692588190141978
2015-01-12,-3.56655902404018,-3.5140343058062546,-1.5653633724981901
2015-01-13,-3.5593828489415,-3.5012924473457856,-0.22015806854583392
2015-01-14,-3.8966630785791203,-3.8203057441890778,-0.6881831827369111
2015-01-15,-1.2127735916756326,-1.027586947393976,0.591118691338789
2015-01-16,-0.40904198062432695,-0.175612467359285,1.9033722803528172
2015-01-19,-7.900968783638311,-7.864417838492001,-2.494398669969088
2015-01-20,-6.781485468245414,-6.736680982034802,1.0244937388972621
2015-01-21,-2.762827412988874,-2.5444173222270448,3.593804486860584
2015-01-22,-2.2604951560818125,-2.030129552296688,5.04224003727513
2015-01-23,-2.138500179404381,-1.9170180975581546,3.992455626408408
2015-01-26,-1.2271259418729692,-0.9214780226283334,6.312736327022796
2015-01-27,-2.1026193039110046,-1.8291706725257282,6.586632458417611
2015-01-28,-3.415859346968052,-3.1914510917218917,5.960882160790709
2015-01-29,-4.564047362755647,-4.38668684493736,5.2462083836916165
2015-01-30,-5.762468604233943,-5.688553280053699,3.9820993731420864
2015-02-02,-6.155820303710328,-7.897233616208086,3.551253392780571
2015-02-03,-4.5228147634599,-5.604660224888309,5.361973204071536
2015-02-04,-4.928086211405252,-6.58438282034996,4.919718730807018
2015-02-05,-5.422755772867974,-7.540626344726045,4.378793716172569
2015-02-06,-7.419313641422346,-9.037959479242442,2.174037851459577
2015-02-09,-7.919943077119556,-8.117991806216114,1.6237165214729867
2015-02-10,-6.662409613642026,-6.442272653253113,3.021718410704635
2015-02-11,-5.643271119544131,-5.695857879946988,4.149313173652589
2015-02-12,-4.98172507951567,-5.4555749887204446,4.879512100478927
2015-02-13,-3.5155960178309704,-4.715393840135266,6.502748652994815
2015-02-16,-1.8468312321735896,-3.9010407956411854,8.356924115246452
2015-02-17,-1.1614456952071632,-3.273861258187126,9.12090547251375
2015-02-25,-1.2508438087245217,-4.4709643527287035,9.036726301578891
2015-02-26,-0.20190594345416174,-2.0663230209408625,10.20007875182965
2015-02-27,0.6145968266710407,-1.8865090355978504,11.10290036010594
2015-03-02,2.6290343179288787,-1.106015283090326,13.342675498341626
2015-03-03,2.277401738093933,-3.66990238473218,12.952497656920777
2015-03-04,3.803129542123538,-3.0404435924241975,14.646511170262167
2015-03-05,3.779290045185585,-3.987240566562346,14.620057496589
2015-03-06,2.5157967074735557,-4.476703681216281,13.217772807432578
2015-03-09,3.8329289132959907,-2.8501944643764867,14.68001669553557
2015-03-10,4.899746401269827,-3.3208468612601174,15.86607536952533
2015-03-11,4.67327118035917,-3.2098498959643833,15.615143906692559
2015-03-12,4.625592186483252,-1.337263537606747,15.564285657586083
2015-03-13,5.787767662208923,-0.6558761798919747,16.846153519547755
2015-03-16,8.898822012613039,1.761067635926649,20.301726946767946
2015-03-17,10.585466420973884,3.1739584972405823,22.171556781158344
2015-03-18,12.421107685197029,5.616138881863465,24.202453121339666
2015-03-19,13.332968443074078,5.442695825750689,25.206603560594324
2015-03-20,14.483224170330772,6.893592575231197,26.46991877633022
2015-03-23,17.254565689368917,9.076377280936834,29.539080272408242
2015-03-24,17.737315502362677,9.103426269263469,30.073857992323077
2015-03-25,19.05444770818511,8.207267198144951,31.52759166161008
2015-03-26,18.21410544112192,8.47053486422368,30.596544186588304
2015-03-27,19.572956766585776,9.066381512661808,32.10120994635977
2015-03-30,21.062925325208436,12.265054821571407,33.75437071731547
2015-03-31,21.188082684132738,11.249715436404534,33.89479855795174
2015-04-01,24.078621687860718,13.245875853107249,37.0815893692045
2015-04-02,26.337414022732666,13.270068907641015,39.572166747861424
2015-04-03,28.31609226858355,14.526734698304903,41.75717004395594
2015-04-07,31.397347247815226,16.984650179690405,45.158931566949114
2015-04-08,30.4616469930002,17.966624569104113,44.138314500397556
2015-04-09,29.424628876198827,17.04215330817365,42.99661603424911
2015-04-10,32.86347630949991,19.301581390955093,46.80014849501119
2015-04-13,35.70633631935194,21.406651744412603,49.951403143095185
2015-04-14,35.658657325476014,21.8765352360443,49.897240492322624
2015-04-15,30.36628900524832,20.292837565195608,44.041397691755456
2015-04-16,32.20193026947146,23.946043721600283,46.05987022008607
2015-04-17,33.37602549366611,26.214039605760316,47.32757899781375
2015-04-20,31.039754793745793,24.17597385282768,44.72727333142946
2015-04-21,35.76593506169687,26.846409253664852,49.762996867094934
2015-04-22,39.312060231218794,30.159567062405728,53.65332986771133
2015-04-23,40.81990841254494,30.189169914604822,55.26447489457758
2015-04-24,41.07022313039354,29.138762957769785,55.41939410564891
2015-04-27,42.661509551002524,32.020812068297445,57.15320812173932
2015-04-28,38.63263456848686,30.2157795285018,52.602124010317866
2015-04-29,41.439735332931974,31.107297707206914,55.58847240095427
2015-04-30,42.274117725760654,30.436153265883874,56.353081409934674
2015-05-04,42.84030577803726,31.475685705584524,57.106411148423575
2015-05-05,37.7088540621408,26.233289697960295,51.36271494071367
2015-05-06,35.789774558634825,25.038465858272637,49.214946159482245
2015-05-07,32.80983744138952,22.75267530971091,45.90092665391304
2015-05-08,37.792292301423664,25.17788485698775,51.398694152150526
2015-05-11,43.764086284383296,28.80623889721412,57.98765261397557
2015-05-12,46.893020257490896,30.368462142812618,61.448228794556115
2015-05-13,48.210152463313335,29.572507902561018,62.911229556783745
2015-05-14,48.0373161105131,29.08760329761494,62.69828948293869
2015-05-15,46.88110050902192,26.799890485923406,61.39666905235853
2015-05-18,49.56900378877719,25.637470510424027,64.36343101747696
2015-05-19,53.28200543686487,29.923622993672172,68.44754225434406
2015-05-20,55.83879148346134,30.574363984917365,71.26272633074625
2015-05-21,61.59602999397931,32.937566815806804,77.5741704336538
2015-05-22,64.26605365103113,35.968124483563415,80.50840527175751
2015-05-25,68.64060133914727,40.036731702320516,85.3435202437061
2015-05-26,74.24288311956846,42.76697694739671,91.49986053209727
2015-05-27,76.31095947893672,42.2868505393733,93.78451276782039
2015-05-28,65.72622283848133,32.746191790783065,82.17452520455446
2015-05-29,67.42478699531117,32.93353006323421,83.991392310565
2015-06-01,76.17388237154344,39.396453314681885,93.61781585695596
2015-06-02,82.92641987922134,41.74960545549259,100.96669440025755
2015-06-03,84.50578655136135,41.247620169593034,102.6943980423174
2015-06-04,84.44618780901646,42.28635624313992,102.42524621945991
2015-06-05,87.4738039201377,43.63567511666076,105.73167852343828
2015-06-08,85.56664416510067,47.01883076422866,103.63458338786828
2015-06-09,85.28057020184514,46.02227463593022,103.31743466930233
2015-06-10,88.73133738361523,45.793003566347316,106.90464881317521
2015-06-11,91.32984254985314,45.723747171870365,109.8256291239256
2015-06-12,94.4706962714297,46.50706939726889,113.14110699671055
2015-06-15,90.81729336568695,43.377954552756655,109.20905361751679
2015-06-16,83.21845371671135,39.084552391418896,100.8455945403162
2015-06-17,86.99105410714397,41.11693373766765,104.91997717563005
2015-06-18,80.86430339408757,35.39732217761656,98.10497179536264
2015-06-19,68.42008599247109,27.337629866037467,84.37097391424099
2015-06-23,69.2961875049412,31.43037521752467,85.46886598288319
2015-06-24,72.99726940455992,34.01266112340902,89.54398703197718
2015-06-25,72.99726940455992,29.245173952455826,82.87009252509267
2015-06-26,72.99726940455992,19.075825316809546,67.58418886261573
2015-06-29,72.99726940455992,15.10371570716902,56.62945122749293
2015-06-30,72.99726940455992,22.83255907320553,64.40821581324188
2015-07-01,72.99726940455992,16.79179226596651,55.28675653039302
2015-07-02,72.99726940455992,12.809274974523145,44.63871905884734
2015-07-03,72.99726940455992,6.710785351586039,35.78489785060671
2015-07-06,72.99726940455992,9.803432118435564,33.57903436522352
2015-07-07,72.99726940455992,7.866477406131079,24.857020016736147
2015-07-08,72.99726940455992,0.5903270071653688,21.882098579347268
2015-07-09,72.99726940455992,7.032325051399944,27.30903373572577
2015-07-10,72.99726940455992,12.769731275852706,33.74120849168463
2015-07-13,72.99726940455992,15.660155961445986,42.064073271322584
2015-07-14,72.99726940455992,12.923320099924734,45.08091815107836
2015-07-15,72.99726940455992,8.93077957930447,36.70427838790242
2015-07-16,72.99726940455992,9.770973332443596,39.906483586815405
2015-07-17,72.99726940455992,14.00382420519225,47.584860819155644
2015-07-20,72.99726940455992,14.254157786497526,49.83331231930784
2015-07-21,72.99726940455992,14.402281891100502,51.752578956277965
2015-07-22,72.99726940455992,14.159362753295916,53.59442290840145
2015-07-23,72.99726940455992,16.730938907457038,57.87270004875378
2015-07-24,72.99726940455992,14.684387735851397,55.52976850543391
2015-07-27,72.99726940455992,4.865797199592152,43.88326638074054
2015-07-28,72.99726940455992,4.65605083122776,41.21831258790585
2015-07-29,72.99726940455992,7.9317519698391346,48.103559579008156
2015-07-30,72.99726940455992,4.77465446633718,44.00139412521689
2015-07-31,72.99726940455992,4.80999664702388,42.64420805768193
2015-08-03,68.78766654478652,5.15424651267142,39.19478192518134
2015-08-04,77.9031975494086,8.41992442210591,46.613809777595314
2015-08-05,75.61640201092267,6.188561381019737,44.71686169712963
2015-08-06,74.57982687064013,5.22611169282454,43.84352125902504
2015-08-07,79.58862125078406,7.288233195781676,47.9286293544953
2015-08-10,88.22147222825166,12.160346402800343,54.95771934996696
2015-08-11,89.076053259935,11.674398283583782,55.71904241762578
2015-08-12,86.9000367440747,10.28644192115371,53.89165291524838
2015-08-13,91.37867437308175,11.915889454491932,57.54849947858757
2015-08-14,93.45182465364681,11.863082140225794,59.224938743961864
2015-08-17,97.81177047269784,11.98204276705932,62.82867489616519
2015-08-18,83.03068373950852,5.049263484881802,50.659837323752186
2015-08-19,83.03068373950852,6.716799289092166,53.977401215466
2015-08-20,76.83241807868977,3.2929191240741216,48.59676460310167
2015-08-21,76.83241807868977,-1.4281042009413076,40.53679358953462
2015-08-24,76.83241807868977,-10.050882305046134,29.33664413458552
2015-08-25,76.83241807868977,-16.438480302707013,19.649098387544296
2015-08-26,76.83241807868977,-16.91176894616867,15.165320692181691
2015-08-27,76.83241807868977,-11.970316961967475,19.18099943197521
2015-08-28,76.83241807868977,-8.217812184457078,26.322180639270663
2015-08-31,76.83241807868977,-7.55188531448637,21.493305263764178
2015-09-01,76.83241807868977,-7.67416871044429,13.885686531904932
2015-09-02,76.83241807868977,-7.571217789391916,13.024437619449968
2015-09-07,76.83241807868977,-10.738750435598556,13.412178695396378
2015-09-08,76.83241807868977,-8.444721616480496,17.682019458310723
2015-09-09,76.83241807868977,-6.652019021617506,20.93384606324846
2015-09-10,76.83241807868977,-7.798346908630164,18.890322847426923
2015-09-11,76.83241807868977,-8.083198843566503,19.86890570954458
2015-09-14,76.83241807868977,-9.897156176464856,11.681226032703984
2015-09-15,76.83241807868977,-13.436866425505032,5.372200234926343
2015-09-16,76.83241807868977,-9.125065459924798,12.328187266165134
2015-09-17,76.83241807868977,-11.109088158007843,10.123505242830138
2015-09-18,76.83241807868977,-10.71711124493724,11.442902985166938
2015-09-21,76.83241807868977,-9.15255382268112,15.385257236593507
2015-09-22,76.83241807868977,-8.307224880895202,16.224962927013163
2015-09-23,76.83241807868977,-10.394308343638047,14.908278855318338
2015-09-24,76.83241807868977,-9.79096486899366,16.579106175963634
2015-09-25,74.09490292782341,-11.24771079056916,12.762725315427298
2015-09-28,74.66176212573009,-10.951105589639118,14.817657024151856
2015-09-29,71.37121361105235,-12.705802296335543,12.674669472146755
2015-09-30,71.37121361105235,-12.044159327054132,13.046128524241297
2015-10-08,71.37121361105235,-9.475631332998866,17.63839766424954
2015-10-09,73.98335131851977,-8.277402341481261,19.439370413642795
2015-10-12,80.7524393561504,-5.32324090268378,24.02992274161222
2015-10-13,83.06497703982227,-5.396012292598106,25.56868475768122
2015-10-14,81.04267687920232,-6.4650926626941745,24.13651277077403
2015-10-15,86.62272732239437,-4.248915500333515,27.916102164715383
2015-10-16,89.81534007596568,-2.9513878877101782,30.10038550737427
2015-10-19,89.82470257670926,-2.948174962193214,30.09691496260766
2015-10-20,92.99859032879331,-1.7530490525851607,32.21437185816474
2015-10-21,81.05203937994594,-4.621312790381881,23.91947450044923
2015-10-22,87.99901493170515,-3.2131177432850557,28.563321842999564
2015-10-23,92.70835280574141,-1.9305014003686949,31.774258784862607
2015-10-26,94.15954042100104,-1.4356559489512872,32.66997316050513
2015-10-27,95.45156552361937,-1.336302406041845,33.494799813255156
2015-10-28,90.63924014140342,-3.2025178351692345,30.12503006728612
2015-10-29,92.31512777450975,-2.9722307122177156,31.234127565041803
2015-10-30,91.70656522617506,-2.9510034350842127,30.791005455585605
2015-11-02,87.7930399153457,-4.546948668159994,28.048924343416314
2015-11-03,87.40917738485767,-4.834436849674361,27.747485378022635
2015-11-04,96.82785313293016,-0.35707410681357576,34.169562325538216
2015-11-05,97.024465648546,1.7692784455811326,34.32579222106928
2015-11-06,101.6027285121717,4.169471111268543,37.47136108304626
2015-11-09,104.20550371889547,5.4596117412930365,39.26116532401505
2015-11-10,104.99195378135876,5.264172502794824,39.837257294928186
2015-11-11,107.95986651708343,5.275376550751454,41.86158175246636
2015-11-12,107.8756040103909,4.223019869884752,41.82071054973614
2015-11-13,104.8140662672302,2.875183885064043,39.69142057335247
2015-11-16,108.86802908921366,3.3662946538292453,42.4927224706882
2015-11-17,106.95807893751706,3.208696538086486,41.228668841172194
2015-11-18,103.57821616907356,2.033177712402517,38.94994237603464
2015-11-19,108.76504158103394,3.664053212637174,42.488421210418956
2015-11-20,111.1337542691675,3.6479611241504526,44.1063596440624
2015-11-23,109.43914163457391,3.0699640619177395,42.9602676159222
2015-11-24,110.89969175057723,3.085177401545114,43.9629596879611
2015-11-25,114.23274201530265,3.8463386791470917,46.24993792709161
2015-11-26,112.89390440896629,3.237310797818833,45.35822944620628
2015-11-27,99.40254083742313,-2.3217917908929206,36.165790138742416
2015-11-30,100.28261590732257,-2.0631100954238977,36.761597757585044
2015-12-01,101.23759098317085,-1.3687886529356734,37.417789163297805
2015-12-02,100.23580340360449,2.2082409617247136,36.71472694289126
2015-12-03,104.66426625533241,2.9591318620331286,39.75418574466353
2015-12-04,103.11945363263665,0.9899929727552135,38.66810829650342
2015-12-07,105.46007881853936,1.2650139048276485,40.33974787230685
2015-12-08,100.12345339468119,-0.5086033632464988,36.68301207103467
2015-12-09,100.12345339468119,-0.15386343309055328,36.131638501411395
2015-12-10,100.12345339468119,-0.5068458655278173,35.687408771285014
2015-12-11,100.12345339468119,-0.9194459158911013,34.588870590585195
2015-12-14,100.12345339468119,1.9162491923062228,37.363977259070815
2015-12-15,100.12345339468119,1.4512262803027551,38.41900440777645
2015-12-16,100.12345339468119,1.2055061305090313,38.995373283857155
2015-12-17,105.07158602606766,3.140071744352178,42.44455943187921
2015-12-18,105.07158602606766,3.470289089152088,42.13302265804224
2015-12-21,105.07158602606766,6.162885437785816,43.77957462566576
2015-12-22,105.59221137808468,6.458556968052805,45.03569030704538
2015-12-23,105.07158602606766,6.174309172957265,43.49748210131149
2015-12-24,103.19459462537479,5.158832483281113,43.12373396649855
2015-12-25,103.6467166416001,5.400460958698525,43.84529345209735
2015-12-28,98.00204177236306,2.364136501552499,40.36066344262903
2015-12-29,99.72832583431418,3.304480163754845,41.671846331661875
2015-12-30,99.92013517453098,3.3951011398745754,42.90239443590448
2015-12-31,98.16644977826314,2.4567621235076014,40.62516325867171
2016-01-04,81.7103433777423,-4.736319047348371,28.916043645423315
2016-01-05,81.7103433777423,-4.469563846734115,27.18699239821474
2016-01-06,81.7103433777423,-2.793679928360004,30.433539344624542
2016-01-07,81.7103433777423,-9.533244305089523,19.295232043761366
2016-01-08,81.7103433777423,-7.688448379408609,21.292438255224234
2016-01-11,81.7103433777423,-12.332443874722276,13.137101101953347
2016-01-12,81.7103433777423,-11.693703297587481,13.28491308039092
2016-01-13,81.7103433777423,-13.33671651644181,9.359893092452914
2016-01-14,81.7103433777423,-11.532754951818482,13.066287220438848
2016-01-15,81.7103433777423,-14.35686155943322,8.799400112645023
2016-01-18,81.7103433777423,-14.027358198081535,10.372701433279618
2016-01-19,81.7103433777423,-11.490080710336645,14.400508619411763
2016-01-20,81.7103433777423,-12.828717293036108,13.318880114276915
2016-01-21,81.7103433777423,-15.383487375262295,8.673906690711885
2016-01-22,81.7103433777423,-14.501498129500668,10.404139399968656
2016-01-25,81.7103433777423,-14.077968640199305,11.52495921648391
2016-01-26,81.7103433777423,-19.25097094883732,3.1805327544661566
2016-01-27,81.7103433777423,-19.529891328973097,1.7938285960705032
2016-01-28,81.7103433777423,-21.633286567417482,-2.6912228630628197
2016-01-29,81.7103433777423,-19.097711655587567,0.9619316313757217
2016-02-01,81.7103433777423,-20.334605596916262,-0.32379444258712803
2016-02-02,81.7103433777423,-18.679097667718153,3.1310590311974393
2016-02-03,81.7103433777423,-19.027713816760546,3.565726302871118
2016-02-04,81.7103433777423,-18.03579858087551,5.620584170217665
2016-02-05,81.7103433777423,-18.611681153665437,4.563027954315084
2016-02-15,81.7103433777423,-19.080768279143367,4.633971058241097
2016-02-16,81.7103433777423,-16.600279936433513,8.962811082187851
2016-02-17,81.7103433777423,-15.878470131188966,10.234322690883202
2016-02-18,81.2803217859104,-16.14269892883261,9.970690511032188
2016-02-19,81.2803217859104,-16.200723814451084,10.383925322737584
2016-02-22,85.04197466751323,-14.353099415879154,12.676829332453638
2016-02-23,84.02841819663693,-15.163305864193216,12.063521307021931
2016-02-24,84.02841819663693,-14.609089942966454,12.811959054217475
2016-02-25,84.02841819663693,-19.848492712288564,3.8588581132383353
2016-02-26,84.02841819663693,-19.04441004508806,4.281341557539884
2016-02-29,84.02841819663693,-20.982161123546323,-1.2291451180603574
2016-03-01,84.02841819663693,-19.52049970053887,1.045187785085415
2016-03-02,84.02841819663693,-16.207643961718407,6.205094058224303
2016-03-03,84.79993339540104,-16.012973628472125,6.6449856073924085
2016-03-04,79.8181495405241,-15.039017822399913,3.7759527060742077
2016-03-07,84.00637490524365,-14.738293486191699,6.19401785152234
2016-03-08,84.38111085892908,-14.660496751238016,6.4114253287372005
2016-03-09,79.66384650077131,-15.6426633669647,3.6924565678859738
2016-03-10,76.79821861964741,-17.25629342083475,1.9370624090712747
2016-03-11,77.0834981231526,-17.115199307106526,1.6977055822420375
2016-03-14,79.71107249754228,-15.813387793793893,5.050251826789547
2016-03-15,80.22157266170937,-15.563768195936829,4.11266938981363
2016-03-16,81.06239646151408,-15.144907059950725,2.6912782440963405
2016-03-17,82.96926472178541,-14.20654058268189,6.072678007102443
2016-03-18,85.62686851759669,-12.895035371014632,9.825444520480554
2016-03-21,89.93609049159573,-10.767529460742038,12.59852055107082
2016-03-22,88.61479594904553,-11.416897406894504,12.155675346782193
2016-03-23,89.20036966676663,-11.133995195989831,12.958220363716794
2016-03-24,86.18241281389622,-12.623501973477714,11.102180406670316
2016-03-25,87.06828074583332,-12.185061214469373,12.191469954773998
2016-03-28,85.49173612119952,-12.956410486659358,11.459461914186358
2016-03-29,83.56985315021736,-13.898813716500799,9.31970492246933
2016-03-30,88.07426636345677,-11.678187888039707,13.300419769773658
2016-03-31,88.1643546277216,-11.628401272977564,13.638447137972808
2016-04-01,88.37456057767275,-11.523857619617633,13.060896799843906
2016-04-05,90.74688486997883,-10.354270348734238,16.052487928319216
2016-04-06,90.35650239149808,-10.545343303837589,16.732770083608756
2016-04-07,87.66886917426524,-11.87000228749313,14.989005941831094
2016-04-08,86.33255992100418,-12.517090978791673,13.877102471710913
2016-04-11,88.79497247757512,-11.298650763509189,16.379549851883432
2016-04-12,88.14933991701078,-11.61846042650626,15.428343680664106
2016-04-13,90.53667892002768,-10.439481527188635,17.116597566520465
2016-04-14,91.34747329841078,-10.042698956293512,18.180448759898663
2016-04-15,91.12225263774879,-10.142299647319643,17.85730042936916
2016-04-18,88.68986950259949,-11.343769025256071,15.953152814547202
2016-04-19,89.23039908818824,-11.073279141989621,16.45208054543673
2016-04-20,80.614495072191,-12.64615721750765,11.172126651993153
2016-04-21,80.614495072191,-13.206991216081326,10.220846639395816
2016-04-22,80.614495072191,-12.814355241366231,10.971038119319173
2016-04-25,80.614495072191,-13.16772212642945,10.357360886997409
2016-04-26,80.614495072191,-12.697399260368078,11.625512712993155
2016-04-27,79.91443888974067,-13.061091444528566,11.070336312402192
2016-04-28,79.65191782132177,-13.207595355922122,10.583537027851305
2016-04-29,79.65191782132177,-13.312935375435845,10.496127296628389
2016-05-03,79.65191782132177,-11.753293454611665,13.853325547990709
2016-05-04,79.77195251028924,-11.865306473276021,13.896319690338807
2016-05-05,79.77195251028924,-11.742858311906966,14.524599055162652
2016-05-06,79.77195251028924,-14.037656036276958,10.051140692377368
2016-05-09,79.77195251028924,-15.815447361432984,6.029702325098853
2016-05-10,79.77195251028924,-15.719416587647924,5.941997228363875
2016-05-11,79.77195251028924,-15.343284614947352,5.656120333386438
2016-05-12,79.77195251028924,-15.142051126157854,5.712350542743365
2016-05-13,79.77195251028924,-15.559511756149393,5.4881496587513
2016-05-16,79.77195251028924,-15.000023341766575,7.301527759650756
2016-05-17,79.77195251028924,-15.254970354583405,6.891708111678436
2016-05-18,79.77195251028924,-15.748964518043326,3.9537627443295893
2016-05-19,79.77195251028924,-15.90098807070963,4.609843387975344
2016-05-20,79.77195251028924,-15.469357615361197,5.831345923411358
2016-05-23,79.77195251028924,-15.222099655063609,7.244928343403755
2016-05-24,79.77195251028924,-15.871989358351316,6.021044423526824
2016-05-25,79.77195251028924,-15.990895063381135,5.504247079158145
2016-05-26,79.77195251028924,-15.85400246763665,6.043381440375766
2016-05-27,79.77195251028924,-15.90101553161149,5.954808707449143
2016-05-30,79.77195251028924,-15.785405134804202,5.432842466619539
2016-05-31,79.77195251028924,-12.96102391817091,9.789612991799736
2016-06-01,79.77195251028924,-13.208529026585177,10.278036786666904
2016-06-02,79.77195251028924,-13.02857773673289,11.018555046070567
2016-06-03,79.77195251028924,-12.418259193017471,11.363929631382
2016-06-06,79.36764611106929,-12.707614715857934,11.719420485481214
2016-06-07,79.29544853978004,-12.75523191967357,11.599372865176539
2016-06-08,78.73230748372369,-13.114090985107685,11.202863125591076
2016-06-13,73.53408235089604,-15.795510746686643,6.081335908674471
2016-06-14,73.86401465647673,-15.530732731005912,6.382553349934117
2016-06-15,79.65845077323769,-14.421724209613464,9.891587934835718
2016-06-16,78.9882757775269,-15.017433553542304,9.479903792068592
2016-06-17,80.02962461701597,-14.586791690660636,10.10251583112994
2016-06-20,80.72042038182553,-14.523164781063846,10.495665788015813
2016-06-21,78.67896424104501,-14.69773373415266,9.22622173790483
2016-06-22,81.43183691573392,-13.938604563287914,10.926105640798259
2016-06-23,80.55545422903519,-14.395663813753577,10.359151540414219
2016-06-24,78.28716962816794,-15.498521093130634,8.982859016318391
2016-06-27,82.56597921616756,-14.30704748346923,11.578364993131833
2016-06-28,84.50433151145415,-13.871599962763025,12.746757117431985
2016-06-29,84.93736766252881,-13.459988504866491,12.981037349522818
2016-06-30,85.06109227712157,-13.390484962272849,13.041808803627529
2016-07-01,84.73115997154088,-13.382823370655453,12.821115385091094
2016-07-04,88.3913464865767,-11.996157670612531,15.042670163302065
2016-07-05,89.51517840246095,-11.922370227329592,15.737222164892604
2016-07-06,90.35031955096208,-11.663688531860558,16.252118093777447
2016-07-07,91.08235685396923,-11.85176824866176,16.665555969272383
2016-07-08,90.5771480110488,-12.337084767135677,16.297456699877447
2016-07-11,90.9586322393765,-12.033669262545724,16.53090621646563
2016-07-12,93.41250376213289,-10.115470346207838,18.056579848281824
2016-07-13,94.9796822136412,-9.849484050845513,19.00577384195029
2016-07-14,95.2683729810243,-10.017105395765146,19.172286149369658
2016-07-15,94.87657836814722,-10.030451394066423,18.903374310990714
2016-07-18,93.91771260505335,-10.421934010903632,18.36907656003296
2016-07-19,94.40230067887497,-10.800564925672957,18.735791303590155
2016-07-20,93.9898852968991,-11.09244685148403,18.477051115032495
2016-07-21,94.74254336900509,-10.682785117619161,18.934627674234733
2016-07-22,93.21660645569438,-11.434142853259111,17.978677194478074
2016-07-25,93.7321256831642,-11.27698411194601,18.308342026617243
2016-07-26,96.3097218205134,-10.214164827472763,19.890227407445842
2016-07-27,88.25731148743455,-11.624144833190131,14.994802490005105
2016-07-28,88.62848533121281,-11.544700444125171,15.253247313050704
2016-07-29,87.41185995438401,-12.01719272143305,14.507523236497136
2016-08-01,84.55588343420112,-12.761959840627908,12.779376546169237
2016-08-02,84.55588343420112,-12.425728558321884,13.872782751097146
2016-08-03,84.55588343420112,-12.303417701462102,14.424377844854467
2016-08-04,84.55588343420112,-12.089716963230675,15.159874890553228
2016-08-05,84.55588343420112,-11.984788857244776,14.51481507257593
2016-08-08,86.10994651183233,-11.186418057630002,16.129522945931324
2016-08-09,87.3299586475428,-10.560364417151966,17.06717922428525
2016-08-10,87.3299586475428,-10.93493111844684,16.637403943904925
2016-08-11,87.3299586475428,-11.209018379856222,14.939864504763415
2016-08-12,87.3299586475428,-9.537363440367697,16.28338991736597
2016-08-15,92.600588425498,-6.813516585423593,18.931267891535143
2016-08-16,91.78198925017526,-7.230345614672477,19.418011795052525
2016-08-17,91.50912285840101,-7.37305992161012,19.77743470253093
2016-08-18,91.04955840909705,-7.608207624189871,19.8151676466956
2016-08-19,91.16444952142301,-7.593516041697737,19.984005957522385
2016-08-22,89.64214228310352,-8.36859999653993,18.521946672864427
2016-08-23,89.92937006391853,-8.230334355702716,18.6759613270551
2016-08-24,89.34055311324778,-8.558958968195066,18.793387578440317
2016-08-25,88.22036476806929,-9.132644668836624,17.824441016153354
2016-08-26,88.11983504478405,-9.184326086126726,18.344339698398592
2016-08-29,88.14855782286553,-9.165350602945297,18.6543996446753
2016-08-30,88.37834004751754,-9.049850049745425,18.62163253318201
2016-08-31,89.21130061188103,-8.615775574131948,18.777733206301555
2016-09-01,87.81824587492828,-9.335718038050373,17.804226938922298
2016-09-02,88.53631532696578,-8.991440711500985,17.35154237101343
2016-09-05,88.93843422010681,-8.838593331779055,17.994682313162404
2016-09-06,90.2022364556928,-8.208475477826557,19.86249997000194
2016-09-07,90.0873453433668,-8.258152249281284,19.88729221266981
2016-09-08,90.00117700912232,-8.29256075930493,20.32421164637291
2016-09-09,88.85226588586227,-8.883519367212955,19.45786767883505
2016-09-12,85.87945835442704,-10.405951766024337,16.14576804909419
2016-09-13,85.87945835442704,-10.468315474135814,16.669949531264166
2016-09-14,85.87945835442704,-11.061553336897761,15.89695952587929
2016-09-19,85.87945835442704,-10.391672097060018,17.115766851017817
2016-09-20,85.87945835442704,-10.548775916569397,17.076095570680327
2016-09-21,85.87945835442704,-10.295229409747142,17.10788428391493
2016-09-22,85.87945835442704,-9.622849227840632,17.881021972055848
2016-09-23,85.87945835442704,-10.047230005099495,17.60315686659281
2016-09-26,85.87945835442704,-11.568097132505168,15.220517122246441
2016-09-27,85.87945835442704,-11.005945010642474,16.05850600062728
2016-09-28,85.87945835442704,-11.27684680743675,15.954648102451968
2016-09-29,85.87945835442704,-10.906207015107066,16.27785181401499
2016-09-30,85.87945835442704,-10.66185991040607,16.8186291458934
2016-10-10,85.87945835442704,-9.54738666954457,19.02663403123897
2016-10-11,86.95963905171621,-9.198962746815162,19.74164009453912
2016-10-12,86.85162098198731,-9.378749271256314,19.67355834401111
2016-10-13,86.93017957815375,-9.306362333967954,19.71221430540093
2016-10-14,86.93017957815375,-9.218432526229972,19.429032620720967
2016-10-17,86.93017957815375,-9.986486490197425,18.388921430373955
2016-10-18,86.93017957815375,-8.793200461013623,20.163588188850067
2016-10-19,86.52908384010142,-8.933031373256545,19.90468185719188
2016-10-20,86.62691206889467,-8.868141262174456,19.959693683811594
2016-10-21,85.96168011310051,-8.617258462832092,19.535899555050314
2016-10-24,87.8301992830517,-7.523271054754022,20.720795227336385
2016-10-25,88.49543123884585,-7.526648745682123,21.16175747648568
2016-10-26,87.54649741955127,-7.874166458650334,20.553230680280315
2016-10-27,87.1747501501369,-8.124197970035212,20.31269239140288
2016-10-28,85.43340767761696,-8.277127732462711,19.17691969583998
2016-10-31,85.31601380306503,-8.382797282798693,19.109927105637663
2016-11-01,86.91061393239512,-7.757402703965162,20.138999009971727
2016-11-02,85.40405920897896,-8.463147881624847,19.163905152965185
2016-11-03,86.2258163308423,-7.591731083077195,19.69192638679185
2016-11-04,85.61928131232413,-7.891329522309373,19.30167470399299
2016-11-07,85.77580647839333,-7.824956522527141,19.41659034852577
2016-11-08,86.76387158920524,-7.426059462189228,20.05090624600218
2016-11-09,85.34536227170301,-7.922085732386381,19.13514393622911
2016-11-10,87.29945148911688,-6.890736641438338,20.674625905733734
2016-11-11,88.68127172143092,-6.1600295039929565,21.540803730171064
2016-11-14,89.35124516740139,-5.8022963355348764,22.11530811145691
2016-11-15,89.32332960715264,-5.812676556435868,22.585197720442828
2016-11-16,89.30937182702824,-5.820310687151403,22.653980964061954
2016-11-17,89.67227411026224,-5.629649645575879,22.511504025185822
2016-11-18,88.66731394130653,-6.153603652959014,21.881212482811115
2016-11-21,89.8955985922524,-5.503988558689859,22.051287636719618
2016-11-22,91.33324994506401,-4.755596600450197,22.96889598094302
2016-11-23,91.71011000842238,-4.580807960146552,22.41373804069657
2016-11-24,92.44987235501479,-4.196053264263683,22.263747741607602
2016-11-25,94.1527215301897,-3.3019812216861046,22.81329373712507
2016-11-28,94.8924838767821,-2.923487611426043,23.145321493360647
2016-11-29,96.39992413021561,-2.1282473546226774,22.222138125097267
2016-11-30,95.03206167802591,-2.843301778011011,21.572020172726067
2016-12-01,96.46971303083753,-2.100896296375631,22.289906049768724
2016-12-02,94.54353937367246,-3.0917130961864836,20.37942653678215
2016-12-05,91.38908106556153,-4.72695487981599,19.73410827398179
2016-12-06,90.85868542083493,-5.008538967431655,19.82404707240166
2016-12-07,91.72406778854678,-4.552852762058708,21.06338230062783
2016-12-08,91.43095440593468,-4.70674365605111,20.498661901928685
2016-12-09,92.64528127675618,-4.0598471910655505,20.249114964933657
2016-12-12,88.17879163695308,-6.380870076706539,15.360132707724578
2016-12-13,88.17879163695308,-6.494668053991437,15.897347193113854
2016-12-14,88.17879163695308,-7.211122983374345,15.183282607383358
2016-12-15,88.17879163695308,-8.268669774691537,15.938310697566584
2016-12-16,88.17879163695308,-8.114971107012119,16.64211133175326
2016-12-19,88.17879163695308,-8.583124561826985,16.68289023276095
2016-12-20,88.17879163695308,-9.130118265866026,16.3119480703125
2016-12-21,88.17879163695308,-8.32079056641131,17.17897507059697
2016-12-22,88.17879163695308,-8.399438589322491,17.07157278627703
2016-12-23,88.17879163695308,-9.170348487082803,15.967810328082786
2016-12-26,88.17879163695308,-8.763872217833063,16.203327403255336
2016-12-27,88.17879163695308,-8.929077003389498,16.094503672408646
2016-12-28,88.17879163695308,-9.327150236671784,15.750772057757985
2016-12-29,88.17879163695308,-9.440398995919592,15.425279263476563
2016-12-30,88.17879163695308,-9.102190528680028,15.62867533921345
2017-01-03,88.17879163695308,-8.219432377666497,16.683444043096042
2017-01-04,88.17879163695308,-7.5031147527928495,18.047792724298265
2017-01-05,88.17879163695308,-7.517476804462725,18.13298721418079
2017-01-06,88.17879163695308,-8.07004507157822,17.622226402464683
2017-01-09,88.17879163695308,-7.624244790872884,18.43080795205185
2017-01-10,88.17879163695308,-7.778849668313496,18.03411360902135
2017-01-11,86.37266054520458,-8.431760070805197,16.890218361877025
2017-01-12,84.63676788480184,-8.89505294599183,15.798990477600492
2017-01-13,82.34900183525372,-8.83222240254882,14.35550229951282
2017-01-16,82.34900183525372,-8.845019182812997,11.338786642168563
2017-01-17,82.34900183525372,-8.655264350998655,12.277015191202091
2017-01-18,82.34900183525372,-8.298025478773969,12.028317430054217
2017-01-19,81.82445512293428,-8.574721525859518,11.568322565722063
2017-01-20,81.82445512293428,-7.871722438385289,13.014192128250656
2017-01-23,82.27668658352044,-7.619301828539072,13.940329151634574
2017-01-24,82.29039056717455,-7.6091412948529245,13.812897393528583
2017-01-25,82.87966186430197,-7.294631585913771,14.076954161303174
2017-01-26,83.48263714508344,-6.963535492254525,14.891756846987931
2017-02-03,82.27668658352044,-7.608015397876887,14.585056683410812
2017-02-06,82.70151007679831,-7.3687485600189655,15.547855950978194
2017-02-07,82.3177985344828,-7.57525454196452,15.48656760722737
2017-02-08,83.20855747200095,-7.091860286620421,16.145048095658552
2017-02-09,83.86634868739894,-6.734758718904997,16.875708531097462
2017-02-10,84.72969965760886,-6.262568511517516,16.98519683434629
2017-02-13,85.8945382682095,-5.636789480058032,17.585970285860288
2017-02-14,85.85342631724714,-5.649723564831484,17.682573268645832
2017-02-15,85.1408191672326,-6.036675132862707,16.51606409948501
2017-02-16,86.1000980230214,-5.50887659921995,17.39553337196469
2017-02-17,85.11341119992439,-6.044117037265272,16.432383357851755
2017-02-20,87.63494419228343,-4.672417528733032,17.870444194655473
2017-02-21,88.21051150575666,-4.358539420536534,18.7819421648483
2017-02-22,88.56681508076393,-4.168125527077688,19.516423891599388
2017-02-23,87.71716809420816,-4.619417988153924,19.512141091674636
2017-02-24,87.75828004517058,-4.6048911710729135,19.5522369599357
2017-02-27,86.34676972879562,-5.363608428409846,18.593942016427125
2017-02-28,86.67566533649466,-5.182723467894504,19.087128580176145
2017-03-01,86.96344899323128,-5.028173512257587,19.394825602356427
2017-03-02,85.7849063989765,-5.669165883344445,18.785412709614913
2017-03-03,85.41489884031515,-5.867790586457774,19.121630964052727
2017-03-06,86.36047371244977,-5.356441133025833,20.31202781900076
2017-03-07,86.74418525476527,-5.1512258134674385,20.420260818823348
2017-03-08,86.48380956533688,-5.294736486558848,19.938464287632854
2017-03-09,85.37378688935274,-5.893027155262022,18.87321010807239
2017-03-10,85.42860282396923,-5.8669942203039955,19.030750688063197
2017-03-13,86.94974500957716,-5.037510218888108,20.138002151368546
2017-03-14,86.86752110765238,-5.0760927859936205,19.87195166638762
2017-03-15,87.22382468265968,-4.885212057203266,19.73492052913993
2017-03-16,88.12828760383195,-4.3946779673770004,20.792310601942
2017-03-17,86.3193617614874,-5.375087085385015,19.68295465936327
2017-03-20,86.49751354899101,-5.270515971123222,19.961613559639936
2017-03-21,86.98657190517966,-4.810985239490642,20.286589464275263
2017-03-22,86.52685705036231,-5.258515557012814,19.988399519514164
2017-03-23,86.88876023394195,-4.930961919692792,20.217215489632025
2017-03-24,87.91578278193818,-4.172436888668843,20.852768230190158
2017-03-27,87.03547774079854,-4.489912375008271,20.288195514247054
2017-03-28,86.54641938460986,-4.715915597270495,19.96805621987156
2017-03-29,86.02801752704987,-4.842675120230692,19.633056348170953
2017-03-30,83.04476155429892,-5.6235258644623345,17.698412244229633
2017-03-31,84.056878711227,-5.093887450395316,18.176609008241993
2017-04-05,86.44547520157725,-3.7799382184630113,20.730025399588012
2017-04-06,86.95828122775414,-3.501100221032803,21.093435741479126
2017-04-07,87.14720976371406,-3.4072937802979553,21.445548352534242
2017-04-10,86.51294967870581,-3.745721934752349,21.22066443579557
2017-04-11,87.12021997286264,-3.4110010020483137,22.376688129278538
2017-04-12,86.7153731100914,-3.6276400567781693,21.404012577401915
2017-04-13,86.97177612317986,-3.486848012970343,22.12817497157568
2017-04-14,85.56830699890625,-4.257455840810257,20.512119493071566
2017-04-17,85.23093461326357,-4.4376542787792355,19.19102339904047
2017-04-18,85.23093461326357,-4.909954329774132,18.482386154593947
2017-04-19,84.39039315487068,-5.373137361353338,17.235112978231378
2017-04-20,84.39039315487068,-4.942770107490219,17.182076408473527
2017-04-21,84.39039315487068,-4.798902442674691,16.31331413580575
2017-04-24,82.62427913108709,-5.774533363760017,13.318898574621423
2017-04-25,82.62427913108709,-5.5077507022439125,13.724232358879442
2017-04-26,82.62427913108709,-5.392167766338486,14.01843486922785
2017-04-27,82.62427913108709,-5.349960360188183,14.312065108896654
2017-04-28,82.62427913108709,-5.541280463408212,14.673112526691357
2017-05-02,82.62427913108709,-5.903105306242603,14.7516243718637
2017-05-03,82.62427913108709,-6.272426975283267,14.407560471011998
2017-05-04,82.62427913108709,-6.51249017929498,14.016718057189049
2017-05-05,82.62427913108709,-7.112126432189009,12.417627635283404
2017-05-08,82.62427913108709,-7.76396585950838,10.310508532648134
2017-05-09,82.62427913108709,-7.936447784056256,10.9836096139259
2017-05-10,82.62427913108709,-8.343720419459787,8.654652551394994
2017-05-11,82.62427913108709,-7.823473633826998,8.410939083262988
2017-05-12,82.62427913108709,-7.034439540842744,8.247454272342148
2017-05-15,82.62427913108709,-6.655067181723346,8.796169552356949
2017-05-16,82.62427913108709,-5.846206317600166,11.034061735453305
2017-05-17,82.62427913108709,-6.359258346947083,11.27249554505736
2017-05-18,82.62427913108709,-6.684752416628024,10.324538394470613
2017-05-19,82.62427913108709,-6.527236683590821,10.300133819037304
2017-05-22,82.62427913108709,-6.324300618886348,8.709498234914163
2017-05-23,82.62427913108709,-5.968544635361793,6.421578518213995
2017-05-24,82.62427913108709,-5.969286079711864,7.056134400168949
2017-05-25,82.62427913108709,-4.280687763779133,8.00778361965636
2017-05-26,82.38558925130495,-4.424116054164987,7.751794022429692
2017-05-31,82.98231395076029,-4.082255286978786,7.514966262797411
2017-06-01,83.22100383054241,-3.9489600693772315,5.4085486532532565
2017-06-02,82.67732132659424,-4.25737345810469,6.5626524709078815
2017-06-05,81.85516729623353,-4.7449143096288084,7.361708482731361
2017-06-06,83.04861669514423,-4.082337669684353,7.836527003699644
2017-06-07,85.09074122216916,-2.956715302669943,9.931628422063296
2017-06-08,86.44331720760125,-2.212332636101038,10.004768306985191
2017-06-09,87.26547123796195,-1.7951466151280486,10.194854474335239
2017-06-12,87.18590794470124,-1.8440544813308444,8.968736852773395
2017-06-13,87.61024550875838,-1.6277174965213996,10.393893908769343
2017-06-14,85.64768427499413,-2.9175285957236343,10.142371714912466
2017-06-15,85.35595219970486,-3.096189223188761,11.152780210953745
2017-06-16,85.07748067329237,-3.37164952969087,11.002033037740144
2017-06-19,86.81461257615126,-2.4131542113627225,11.8218938578188
2017-06-20,86.46983830535481,-2.6100763385610657,11.997137908188227
2017-06-21,88.52522338125655,-1.471519886773216,12.205518276940984
2017-06-22,88.65782887002442,-1.4059707140466102,10.620568478924843
2017-06-23,90.26235528411543,-0.5123655068005648,10.9524485524044
2017-06-26,92.47686694653858,0.7290869442359629,12.822979879885931
2017-06-27,92.80838066845821,0.9109879581199272,12.851131905253393
2017-06-28,91.40276248751897,0.1270066710768875,12.353551779512607
2017-06-29,92.58295133755284,0.7492981680008561,12.92179810401187
2017-06-30,92.52990914204571,0.6935525372362925,13.312455914389782
2017-07-03,91.7210156605618,0.25552369175576595,14.036839832697602
2017-07-04,90.23583418636187,-0.5919746612766476,13.47300553053461
2017-07-05,92.3840431044011,0.4980858378362325,14.342709280772059
2017-07-06,92.49012749541535,0.509537033909541,14.484650869657607
2017-07-07,92.47686694653858,0.3951074558819994,14.934289480723441
2017-07-10,92.49012749541535,0.33351265302244243,14.575161938757065
2017-07-11,93.53771085668139,0.8036982145745393,13.143340698395443
2017-07-12,93.00728890161,0.4745793058488068,13.217145155719473
2017-07-13,94.53225202244028,1.2461482652536358,13.529881851949149
2017-07-14,95.5135326393224,1.6903008918477063,13.138633310547112
2017-07-17,93.57749250331173,0.6045792152278285,8.481457599265426
2017-07-18,93.81618238309389,0.7040700626465463,9.62553744985479
2017-07-19,96.94567191801522,2.422188848072833,11.857836148566644
2017-07-20,97.84738924163662,2.9202746859090656,12.594865402859185
2017-07-21,96.94567191801522,2.390636271842059,13.090064144159053
2017-07-24,97.68826265511517,2.799007343319756,13.847307475682648
2017-07-25,96.5213343539581,2.14244464088143,13.597539014553583
2017-07-26,95.83178581236524,1.753296200701839,13.47023647885913
2017-07-27,96.18982063203845,1.9401950987233094,14.15913961503168
2017-07-28,96.68046094047952,2.2064834640060322,14.739588227247578
2017-07-31,97.46283332420985,2.6453635974440455,16.26324968151291
2017-08-01,99.08062028717767,3.5380900558307564,16.051620292127573
2017-08-02,98.66954327199728,3.2763876611577265,15.411526306821639
2017-08-03,97.03849576015273,2.3694639165122635,15.598068088027043
2017-08-04,96.05721514327058,1.8134630366649724,14.917767472393015
2017-08-07,96.99871411352237,2.3411242657984546,16.363304748720562
2017-08-08,97.31696728656523,2.489907432045934,16.368769010693534
2017-08-09,97.26392509105806,2.457833098679919,17.038990278228777
2017-08-10,96.50807380508131,2.0425144190330387,16.1011124757408
2017-08-11,93.1531549392546,0.1595203788725636,13.737689950022306
2017-08-14,97.2501500929282,1.4593272463498235,16.164320695319947
2017-08-15,97.92944462617979,1.771640083140623,16.572645055387504
2017-08-16,98.07804030532854,1.6443313421433372,16.647187926491647
2017-08-17,99.56399709681641,2.1896224702673917,17.519180759447494
2017-08-18,98.98022835730332,2.2829071538669976,17.181744122272466
2017-08-21,100.7421485529246,2.7310690721318247,18.215984923067435
2017-08-22,99.86118845511395,3.041487106694655,17.702805806221395
2017-08-23,98.20540803031322,3.1455639247230778,16.72071547864812
2017-08-24,96.82559100964595,2.5567198062578402,15.904934394704693
2017-08-25,98.96961438022124,4.234828057682166,17.15913020025597
2017-08-28,101.42144308617618,5.524309626062143,18.6000339301132
2017-08-29,100.88013025499133,5.299844214303769,18.29676739061369
2017-08-30,102.31301716106888,5.293335980564272,19.133150219022756
2017-08-31,102.85432999225375,4.958093290724995,19.44627458248701
2017-09-01,104.61625018787504,5.190028067787781,20.48151224188516
2017-09-04,105.77317368981916,5.6040835459493605,21.186254353641505
2017-09-05,106.02790913978848,5.917961654145858,21.31878116683039
2017-09-06,107.12114877924024,5.709341182757516,21.96965599332622
2017-09-07,105.6139640335883,5.1717116462508566,21.073941617683676
2017-09-08,106.0491370939526,5.065108425251833,21.361664547111445
2017-09-11,108.43728193741518,5.055661875013897,22.754405238159684
2017-09-12,108.28868625826641,5.393128897903388,22.650731943429392
2017-09-13,109.53052157686696,5.521426231367436,23.395939130336867
2017-09-14,109.14841840191293,5.174018362006628,23.17081522911965
2017-09-15,107.57754979376864,5.2108434313934575,22.245195095381828
2017-09-18,109.09534851650265,5.536145274761417,23.12041848862575
2017-09-19,108.03395080829705,5.233361370914121,22.503215330503867
2017-09-20,109.79587100391835,5.516730417150316,23.54533869840172
2017-09-21,107.2803584354711,5.389915972386411,22.060628571038272
2017-09-22,106.00668118562437,5.387526873925074,21.32155021850587
2017-09-25,103.42748475468477,4.839983951848956,19.804756012395757
2017-09-26,104.32967280665952,4.922092048393792,20.374682228244804
2017-09-27,106.32510049808604,4.933598166270808,21.52703231317163
2017-09-28,105.85808550647559,4.970340852952083,21.24368448539114
2017-09-29,106.95132514592736,5.353777425545944,21.89841752388815
2017-10-09,109.29701408106172,6.608905405705983,23.285029380561298
2017-10-10,110.14613224762617,6.819146070303744,23.785489320044594
2017-10-11,108.92552488318975,7.1712772147835215,23.065314360283534
2017-10-12,108.66017545613836,7.453218294123279,22.92918777991652
2017-10-13,110.29472792677498,7.674223632247997,23.86551491346621
2017-10-16,107.45018206878397,7.466756518737527,22.19280463768159
2017-10-17,107.43685407764563,7.456376297836549,22.077187500057693
2017-10-18,108.98290104969695,8.310245580099183,21.163289685079445
2017-10-19,108.34315747505501,7.955642954452514,20.0180652931309
2017-10-20,108.12990961684105,7.834897368998446,21.310750916971465
2017-10-23,108.32982948391664,7.943258087716151,22.073883098391608
2017-10-24,109.75592453572261,8.728557498048211,21.893728596384324
2017-10-25,110.62224395971688,9.21060616920144,22.722376540446522
2017-10-26,111.44857941029602,9.667171123433723,23.16608938092681
2017-10-27,112.86134647096362,10.44684104888562,22.40696309426387
2017-10-30,112.2349308874601,10.110554844775875,20.209351382873646
2017-10-31,112.08832298493795,10.028062295605071,21.103644311989424
2017-11-01,111.58185932167979,9.750844491384271,20.969788353996304
2017-11-02,111.60851530395654,9.764904473133761,19.713949577784238
2017-11-03,111.38193945460418,9.643060451605512,18.644246455198505
2017-11-06,112.78137852413343,10.417238196686512,20.197056793434477
2017-11-07,114.43404942529173,11.333251499845804,20.95099572329199
2017-11-08,114.12750562910912,11.161868011372107,21.131039463232263
2017-11-09,115.51361670749998,11.927862407700468,22.047817091953004
2017-11-10,117.3128955111804,12.916784405283362,22.59913528054279
2017-11-13,118.09924698834443,13.360607501055188,23.15274255185096
2017-11-14,116.67315193653847,12.571875477991309,22.106188701272306
2017-11-15,115.39366478725462,11.866624596565018,20.68738200378548
2017-11-16,116.96636774158267,12.72733164338942,21.06862503846675
2017-11-17,117.7527192187467,13.16225740696041,17.443622569395664
2017-11-20,118.88559846550851,13.793391314281493,18.758534448018167
2017-11-21,122.57745201083794,15.821873212466915,19.18648215429267
2017-11-22,123.05725969181941,16.092775009261178,18.874299268398087
2017-11-23,116.79310385678382,12.655493924138147,15.829634649475912
2017-11-24,116.88639979475244,12.70511577378918,15.894559681093863
2017-11-27,114.16748960252423,11.215197082773471,14.353563963339969
2017-11-28,114.46070540756844,11.376557342070285,16.28746965350118
2017-11-29,114.38073746073825,11.319685814329695,16.63924997835526
2017-11-30,112.02168302924609,10.011091458259017,15.62490942893479
2017-12-01,111.64849927737167,9.792420296791928,16.603049242784365
2017-12-04,112.68808258616481,10.361437644118238,15.923948549543043
2017-12-05,112.68808258616481,10.946711845342396,13.215668328159214
2017-12-06,112.68808258616481,10.27806634608809,13.952069930738634
2017-12-07,112.68808258616481,9.048779074573096,13.262889889398547
2017-12-08,112.68808258616481,9.936397805214872,14.512156782967457
2017-12-11,112.68808258616481,11.752112635831907,16.044771504316863
2017-12-12,112.68808258616481,10.283421221949716,15.067222421491392
2017-12-13,112.68808258616481,11.219178913542368,15.883723458870444
2017-12-14,112.68808258616481,10.561737462244684,16.00628168602757
2017-12-15,112.68808258616481,9.317868451844971,15.114277839630196
2017-12-18,112.68808258616481,9.439685012471369,14.453914396059686
2017-12-19,112.68808258616481,10.813773619464946,15.400062432885115
2017-12-20,112.68808258616481,10.680862854489346,14.442358220400644
2017-12-21,112.68808258616481,11.706774686870196,15.1648222628801
2017-12-22,112.68808258616481,11.342917737298572,15.245789333871393
2017-12-25,112.68808258616481,10.984333280883005,14.188122355901788
2017-12-26,112.68808258616481,11.316115897088613,14.826056480900839
2017-12-27,112.68808258616481,9.602143707842357,13.958512590970276
2017-12-28,112.68808258616481,10.362536080192417,14.532961591222636
2017-12-29,113.27646835377192,10.690886083666218,15.392290627849237
2018-01-02,116.11141796133356,12.24371770083049,16.89507343248138
2018-01-03,117.31493430416626,12.902532197220891,17.929351153965364
2018-01-04,118.18414055176768,13.380873646623765,18.46990696170974
2018-01-05,118.67891949271005,13.653807550155271,18.464701144559818
2018-01-08,119.74871179745024,14.241717997957442,18.998721990350035
2018-01-09,121.21967621646809,15.041873756192759,18.990691740491126
2018-01-10,122.15574448311577,15.550339814929997,18.255840806849978
2018-01-11,122.03539284883249,15.489184386500112,18.62506615725961
2018-01-12,123.01157832690794,16.022337796004493,18.13463018484158
2018-01-15,123.02495073071718,16.02887349064584,15.439456808055064
2018-01-16,124.69650120687378,16.941509102877045,16.321067480497103
2018-01-17,124.16160505450368,16.657096542370383,15.699452300038933
2018-01-18,125.3383765897179,17.296935555579353,16.056493823076433
2018-01-19,126.0203691839898,17.680811502602886,15.790295655339467
2018-01-22,128.5744983115571,19.086864599355042,17.17958426196558
2018-01-23,130.84780695913005,20.350477998188126,17.315433937165057
2018-01-24,131.20886186197987,20.550201137375634,18.04096239683206
2018-01-25,129.97860071152863,19.869006005973834,17.82713622645084
2018-01-26,130.8210621515115,20.314421834053217,17.844027441671322
2018-01-29,126.8628306239727,18.1372940741296,16.48261395524511
2018-01-30,124.5761495725905,16.87639930458011,16.548314321332207
2018-01-31,125.56570745447526,17.420015317691053,14.257367108133508
2018-02-01,124.09474303545741,16.596160801155328,10.480399083111616
2018-02-02,125.32500418590865,17.291882749638127,10.851581230038605
2018-02-05,125.45872822400116,17.371903817642025,10.72926298736002
2018-02-06,119.25393285650793,13.932123790450254,5.302678577527084
2018-02-07,119.25393285650793,11.23030057879342,5.4331562924761085
2018-02-08,119.25393285650793,10.174428902489353,6.451188910797224
2018-02-09,119.25393285650793,5.467767629143812,2.5453123001090843
2018-02-12,119.25393285650793,6.825764147650669,5.207293977478748
2018-02-13,119.25393285650793,8.07600408728063,5.906073397960538
2018-02-14,119.25393285650793,8.936326681479066,6.236218199056787
2018-02-22,119.25393285650793,11.291703155340004,8.467944627089041
2018-02-23,119.25393285650793,11.79574800887866,8.873130728591041
2018-02-26,119.25393285650793,13.09547249365034,11.309951584054476
2018-02-27,119.25393285650793,11.463251409224826,10.956952876463191
2018-02-28,119.25393285650793,10.49281059858999,11.19915259634592
2018-03-01,119.25393285650793,11.191553246276772,12.427633142004177
2018-03-02,119.25393285650793,10.295641323274944,11.802030527133295
2018-03-05,119.25393285650793,10.340567358708855,11.945338181512078
2018-03-06,119.25393285650793,11.671514888889062,13.449450130948458
2018-03-07,119.25393285650793,10.850131853520242,12.358646834595504
2018-03-08,119.25393285650793,11.974573401754908,13.189860766543658
2018-03-09,121.99263781563971,12.833138498234666,14.582896823103942
2018-03-12,125.15547849853075,13.349430914000418,16.222212335682173
2018-03-13,123.72553520128498,12.349497094773888,15.45367127332258
2018-03-14,121.39884780237661,11.85769980346232,14.256924059865424
2018-03-15,120.99894840568923,12.484302661977445,14.086959668023932
2018-03-16,119.81136837916304,11.393006422281111,13.462907722091337
2018-03-19,120.02949532281072,11.882496997836896,13.601877195511843
2018-03-20,120.72023064436164,11.97742933554778,13.968591939069059
2018-03-21,119.12063305761214,11.520095476063567,13.147217370741126
2018-03-22,118.09058915705374,10.402409309685103,12.630752312573508
2018-03-23,106.80857890505521,7.233036783054201,6.8328196127130525
2018-03-26,106.80857890505521,6.545360878814761,8.97063826825723
2018-03-27,106.80857890505521,7.461868478207436,11.404025499643065
2018-03-28,104.70540142546118,5.524419469669571,10.269932695429986
2018-03-29,104.70540142546118,6.9340974054665265,11.405539247892339
2018-03-30,104.70540142546118,7.056243496915171,12.880170027157023
2018-04-02,104.93241046502362,6.738273714342361,13.013564476537551
2018-04-03,102.85527775302697,6.067156733921152,11.864297269142773
2018-04-04,102.85527775302697,5.8579870444957205,11.088556672426908
2018-04-09,102.85527775302697,5.804905121211045,11.235556395706356
2018-04-10,102.85527775302697,7.843684857591877,11.938766298868924
2018-04-11,102.85527775302697,8.15045059220807,12.36095437765841
2018-04-12,102.85527775302697,7.060033101371096,11.709710344272503
2018-04-13,102.85527775302697,6.305105448490065,11.263929945207849
2018-04-16,102.85527775302697,4.594813020092309,10.991067593105207
2018-04-17,102.85527775302697,2.941062588612895,8.747249639423323
2018-04-18,102.85527775302697,3.425500358227464,10.220385130783239
2018-04-19,102.85527775302697,4.676646507618607,10.849439830076228
2018-04-20,102.85527775302697,3.276442582961434,8.562240066811682
2018-04-23,102.85527775302697,3.4266811770071968,7.511569559408809
2018-04-24,102.85527775302697,5.545646746803062,9.971816592046881
2018-04-25,102.92455104081974,5.1395823910811345,10.012983160289135
2018-04-26,99.16070240408173,3.129252149021526,7.955651606779152
2018-04-27,99.16070240408173,3.1672031153843943,8.195765307733026
2018-05-02,99.16070240408173,3.3531134209391027,8.091279757844594
2018-05-03,99.16070240408173,4.15920073397498,9.111804522673637
2018-05-04,99.16070240408173,3.653865218049166,9.087603011029872
2018-05-07,99.16070240408173,5.29023289865471,11.115398013334655
2018-05-08,99.16070240408173,6.511940961257879,11.533967864601506
2018-05-09,98.82417297907969,6.318039533263517,11.301699810061518
2018-05-10,99.84670469350893,6.906828729925047,11.51102165638395
2018-05-11,99.84670469350893,6.351624216231536,10.602237356833104
2018-05-14,99.84670469350893,7.352711393335952,10.163102681789633
2018-05-15,100.55583816177621,7.759242584389412,11.14177784562981
2018-05-16,99.04731787473489,6.901007018731901,10.83718216132607
2018-05-17,97.66773094556034,6.110297810734521,10.277999865977907
2018-05-18,99.53726463462867,7.181629974782652,10.672515888357015
2018-05-21,100.41401146812277,7.6808417095949215,12.094885432332958
2018-05-22,99.71777133564215,7.267994511114934,12.477143785961907
2018-05-23,97.24225086459997,5.850297991976465,11.017687409878905
2018-05-24,95.94002395014549,5.098830412729114,10.62582967710827
2018-05-25,93.61845968533336,4.804477005751133,9.24457132034106
2018-05-28,93.61845968533336,5.264749181733772,8.754726078947138
2018-05-29,92.24545944593635,4.4615178024907545,7.724325029808839
2018-05-30,88.45699582241505,2.2471530596524842,4.902532150074477
2018-05-31,88.45699582241505,4.416646688860562,6.229572475035621
2018-06-01,86.99879408236991,3.543774462514627,4.9491814406342085
2018-06-04,86.99879408236991,4.559525761209329,4.912869942996308
2018-06-05,86.99879408236991,5.5958452753930175,6.683752330849256
2018-06-06,86.99879408236991,5.377119192122234,6.594773470343545
2018-06-07,86.99879408236991,5.2030445352668,5.925770585545513
2018-06-08,86.99879408236991,3.791636562652998,4.65728647334871
2018-06-11,86.99879408236991,3.8016872527317433,3.975232124986869
2018-06-12,86.99879408236991,5.064119832785072,5.1011285362405125
2018-06-13,86.99879408236991,4.03120547043133,3.50746545561884
2018-06-14,86.99879408236991,3.6200059260626096,3.1366709759264144
2018-06-15,86.99879408236991,3.0726552302994756,1.2354954765694957
2018-06-19,86.99879408236991,-0.5608889203773947,-5.082280524502692
2018-06-20,86.99879408236991,-0.16745657950850906,-4.035874356680066
2018-06-21,86.99879408236991,-1.3339407684823545,-6.050654816110037
2018-06-22,86.99879408236991,-0.8962414538240863,-4.742370201164212
2018-06-25,86.99879408236991,-2.226090547930129,-5.390125229438997
2018-06-26,86.99879408236991,-3.0325073917882643,-4.739416546043693
2018-06-27,86.99879408236991,-5.0055457291295085,-5.6769251416416
2018-06-28,86.99879408236991,-5.986915978702425,-6.680946358484743
2018-06-29,86.99879408236991,-3.585212963413023,-3.678279023307472
2018-07-02,86.99879408236991,-6.414262533361562,-5.13631395286372
2018-07-03,86.99879408236991,-6.3780965256192355,-4.059171311443171
2018-07-04,86.99879408236991,-7.62847376975847,-5.458243900656025
2018-07-05,86.99879408236991,-8.213665588277058,-8.016496902261894
2018-07-06,86.99879408236991,-7.590715029708584,-7.760507305035223
2018-07-09,86.99879408236991,-5.007715140376016,-5.7128674323894435
2018-07-10,86.99879408236991,-4.77891090612464,-5.1778497279960485
2018-07-11,86.99879408236991,-6.426180564766405,-7.030825267854982
2018-07-12,86.99879408236991,-4.407090295015224,-4.513812675869397
2018-07-13,86.99879408236991,-4.08761016284041,-3.9289520413171943
2018-07-16,86.99879408236991,-4.6534145846497434,-4.09481823667897
2018-07-17,86.99879408236991,-5.276996743960873,-4.076431733553724
2018-07-18,85.66853039815207,-5.772803326943182,-4.806722962102564
2018-07-19,85.66853039815207,-5.854609353567633,-5.643142711200641
2018-07-20,88.0478011760741,-4.082008138862095,-4.463083649174437
2018-07-23,89.45096086561787,-3.179725286630033,-3.747708378984229
2018-07-24,92.769738566104,-1.6431505233636046,-2.074499673898018
2018-07-25,92.91615522936073,-1.7517034683942927,-2.0003813907174353
2018-07-26,91.62280803725952,-2.8915231216674555,-2.6497793896530095
2018-07-27,90.76871083492853,-3.3039584066196164,-3.0962982024977928
2018-07-30,88.40164144561123,-3.4727605703189934,-4.280326238592199
2018-07-31,88.4748497772396,-3.401993826240051,-4.214515110438079
2018-08-01,85.01295895828018,-5.331616477749399,-5.753037142028538
2018-08-02,81.22073504590864,-7.430480667387798,-7.771897337593738
2018-08-03,78.47236370871953,-8.959338917233122,-8.99511668506855
2018-08-06,78.47236370871953,-10.112998865040932,-10.924222685658913
2018-08-07,78.47236370871953,-7.4878190304599075,-8.494453681795715
2018-08-08,78.47236370871953,-8.98064857707218,-9.903014888083229
2018-08-09,78.47236370871953,-6.7007895833110265,-7.610166259400693
2018-08-10,78.47236370871953,-6.495107428421111,-7.134978531542355
2018-08-13,78.47236370871953,-6.898096163135335,-6.6778819412972155
2018-08-14,78.47236370871953,-7.376767143360467,-6.998944252897859
2018-08-15,78.47236370871953,-9.599370156755068,-8.938701872266604
2018-08-16,78.47236370871953,-10.018121449133767,-9.758987280268823
2018-08-17,78.47236370871953,-11.311749613693763,-11.334448461210286
2018-08-20,78.47236370871953,-10.278395876910363,-10.78759767599031
2018-08-21,78.47236370871953,-8.647245767657154,-9.692363896956577
2018-08-22,78.47236370871953,-9.160599866924468,-10.706981351544583
2018-08-23,78.47236370871953,-8.829119320639258,-10.215068551566294
2018-08-24,78.47236370871953,-8.683329392693926,-10.425091890979855
2018-08-27,78.47236370871953,-6.452433186939274,-8.435491341452321
2018-08-28,78.47236370871953,-6.628265341513389,-8.174425149487245
2018-08-29,78.47236370871953,-7.001651224028517,-8.769715878683781
2018-08-30,78.47236370871953,-7.975936560922975,-10.151269600963035
2018-08-31,78.47236370871953,-8.431540383590354,-11.116708697794367
2018-09-03,77.82938555845648,-8.779717158203082,-10.672737412491049
2018-09-04,79.90266204297804,-7.624327173578439,-9.723746482612112
2018-09-05,79.90266204297804,-9.430073696822308,-11.112813565104194
2018-09-06,79.90266204297804,-10.398372557112499,-11.513199977035324
2018-09-07,79.90266204297804,-9.992967263035077,-11.542145797216435
2018-09-10,79.90266204297804,-11.299419668761107,-13.146331274204975
2018-09-11,79.90266204297804,-11.460258170922703,-13.1827904545989
2018-09-12,79.90266204297804,-12.069533200367653,-13.34762287066848
2018-09-13,79.90266204297804,-11.120978728510824,-12.844800007088763
2018-09-14,79.90266204297804,-10.969284706666766,-13.788732802573819
2018-09-17,78.00323725519395,-11.98995150679342,-15.038295061654773
2018-09-18,78.00323725519395,-10.218476189063919,-13.54088421727308
2018-09-19,78.00323725519395,-9.036256903327471,-12.555323344933194
2018-09-20,77.88479653840429,-9.100982248998438,-12.61832850072282
2018-09-21,77.88479653840429,-6.345006138884611,-11.294075687781664
2018-09-25,76.38706185252393,-7.187534068681365,-11.527875950915416
2018-09-26,76.38706185252393,-6.159480285955868,-11.101811199780242
2018-09-27,75.7408625741331,-6.534349057171126,-12.21404695610148
2018-09-28,77.43871950166982,-5.565693205156831,-11.376907253567781
2018-10-08,70.31785686528463,-9.628973008954176,-14.224156948372134
2018-10-09,70.31785686528463,-9.689606680248833,-14.438278484265414
2018-10-10,70.31785686528463,-9.884386857102527,-14.530690968848726
2018-10-11,70.31785686528463,-14.209039524750656,-20.48354287978051
2018-10-12,70.31785686528463,-12.929004506608605,-21.026000103008723
2018-10-15,70.31785686528463,-14.14483593621492,-22.48218899811464
2018-10-16,70.31785686528463,-14.844484793662907,-24.318439465853622
2018-10-17,70.31785686528463,-14.37015263593078,-23.69632585609386
2018-10-18,70.31785686528463,-16.398277542392083,-25.81782556709717
2018-10-19,70.31785686528463,-13.911583035863114,-23.795974795722447
2018-10-22,70.31785686528463,-10.195354109702459,-20.008668977778722
2018-10-23,66.09973411014737,-12.580278513958786,-21.477890876103956
2018-10-24,66.09973411014737,-12.44912524670188,-21.626828935556222
2018-10-25,66.09973411014737,-12.28142151907668,-21.831148028518275
2018-10-26,66.09973411014737,-12.84912074311397,-21.839676707678787
2018-10-29,66.09973411014737,-15.50588061482763,-23.158354496579946
2018-10-30,66.09973411014737,-14.58945539814051,-22.382706201586583
2018-10-31,66.09973411014737,-13.393176130654586,-21.127236632264577
2018-11-01,66.09973411014737,-12.755808598612516,-20.639292806354486
2018-11-02,66.09973411014737,-9.646904977865146,-18.07400641349289
2018-11-05,66.09973411014737,-10.39960829769595,-18.02080370063449
2018-11-06,66.09973411014737,-10.940176150701037,-18.071218901472903
2018-11-07,66.09973411014737,-11.523445706089822,-18.495068411267667
2018-11-08,66.09973411014737,-11.774355966334033,-19.100715393730525
2018-11-09,63.91354619162518,-13.019131186494953,-19.353880558248207
2018-11-12,68.18584759431143,-11.98396503018915,-17.26649556388691
2018-11-13,71.28044714405776,-11.098570632597575,-15.755571747328835
2018-11-14,70.61642375888952,-11.98940228875633,-16.08835637768905
2018-11-15,73.44791970319186,-10.961568193245663,-14.716642019030024
2018-11-16,74.9513688771577,-10.541361473068692,-13.991482766253094
2018-11-19,75.36481739999829,-9.527230367583396,-13.776585895890667
2018-11-20,70.37837763967829,-11.619641245285992,-16.2371282940408
2018-11-21,71.00481479549735,-11.397647314694524,-15.919148859972193
2018-11-22,70.90458485056632,-11.728935634666753,-15.980954093369096
2018-11-23,64.27687974200025,-13.677341543044559,-19.240349439553167
2018-11-26,63.95113242097431,-13.738634275983717,-19.37516533546045
2018-11-27,64.67779952172448,-13.848532805205272,-19.0024509799397
2018-11-28,66.77009962216026,-12.703660345990897,-18.00180800614065
2018-11-29,63.21193657710778,-13.837191452739381,-19.776825511162315
2018-11-30,64.33952345758217,-12.875071295366443,-19.205514769475528
2018-12-03,64.33952345758217,-10.451372097691618,-16.648350928195352
2018-12-04,65.12862510674691,-10.265763862057309,-16.26000066088033
2018-12-05,63.93890262031394,-10.697037325681634,-16.878569884495462
2018-12-06,60.57611559233504,-12.628390014007817,-18.569795885816863
2018-12-07,60.636815719193876,-12.63138325230995,-18.572177270257782
2018-12-10,58.82795193880089,-13.64197190145601,-19.5255986828175
2018-12-11,58.82795193880089,-13.228630406742642,-18.85626351181841
2018-12-12,58.82795193880089,-12.932217432125581,-18.897725445572725
2018-12-13,58.82795193880089,-11.584353986403013,-17.977791097941907
2018-12-14,58.82795193880089,-13.061256209939701,-19.93560293423484
2018-12-17,58.82795193880089,-13.190706901281635,-20.05478291834787
2018-12-18,58.82795193880089,-14.090600655052357,-20.486367312489513
2018-12-19,58.82795193880089,-15.114919755125651,-21.582321044958867
2018-12-20,58.82795193880089,-15.765990277193088,-21.363344438461233
2018-12-21,58.82795193880089,-16.8100812266016,-21.891624117110943
2018-12-24,58.82795193880089,-16.568342907576774,-21.087177684692524
2018-12-25,58.82795193880089,-17.142742591666554,-21.995592777353295
2018-12-26,58.82795193880089,-17.561493884045245,-22.311393890770514
2018-12-27,58.82795193880089,-17.87803569972163,-23.18152222893152
2018-12-28,58.82795193880089,-17.324753449157935,-23.056619538022492
2019-01-02,58.82795193880089,-18.45389081160971,-23.722668767700007
2019-01-03,58.82795193880089,-18.582764824012692,-24.07616590459288
2019-01-04,58.82795193880089,-16.632162043486545,-22.26574145881396
2019-01-07,58.82795193880089,-16.12608508321066,-20.836080078759206
2019-01-08,58.82795193880089,-16.307327035450108,-21.03964229759662
2019-01-09,58.82795193880089,-15.4623001635846,-20.827809844421758
2019-01-10,58.82795193880089,-15.621271324420073,-20.95538928528377
2019-01-11,58.82795193880089,-15.014605080651306,-20.34592101150873
2019-01-14,58.82795193880089,-15.755884665310647,-20.868865650597005
2019-01-15,58.82795193880089,-14.102573608260908,-19.74632902204295
2019-01-16,58.462914126944334,-14.084421952135106,-19.93975651174806
2019-01-17,57.25828934781759,-14.557710595596754,-20.551661550997537
2019-01-18,57.25828934781759,-12.999112189043055,-19.73791110494946
2019-01-21,58.03451412942028,-12.519562459958578,-19.261228089186353
2019-01-22,56.14246622426375,-13.681680365537561,-20.4682023334983
2019-01-23,56.0454381265634,-13.743851847336067,-20.33098659280559
2019-01-24,56.845919932591144,-13.257024979260159,-19.915887286305356
2019-01-25,57.998128592782635,-12.551609332422732,-20.28009142301012
2019-01-28,57.961743056145,-12.570612276506019,-20.487253409025666
2019-01-29,58.42262652022159,-12.290730764805343,-21.464396364272062
2019-01-30,57.2704178600301,-12.990626770370023,-22.251988502159033
2019-01-31,58.76222486217278,-12.08027041299275,-22.900869611448513
2019-02-01,60.824071938304854,-10.82354970052514,-20.72631487034284
2019-02-11,63.44383057621391,-9.20129692347278,-18.721576838322637
2019-02-12,64.51113965091761,-8.545997422519756,-18.045577482957874
2019-02-13,67.4947536552029,-6.7145749560419645,-16.69939378074685
2019-02-14,67.7251953872412,-6.574167364860104,-16.33459891301799
2019-02-15,64.8628665050813,-8.316177134899757,-16.877979153471358
2019-02-18,69.65362882903534,-5.3767622003981295,-13.95635273066339
2019-02-19,69.38680156035942,-5.545289755078968,-13.840347925804913
2019-02-20,69.92045609771128,-5.206971444231988,-13.834052948329312
2019-02-21,69.50808668248483,-5.460215881133845,-13.99061513006143
2019-02-22,72.98896968748434,-3.3343850858743656,-11.809451585623606
2019-02-25,82.42495218884191,2.4149666308851114,-6.879635046373314
2019-02-26,80.38736213713489,1.1849928368237523,-6.986760425525712
2019-02-27,80.12053486845896,1.0119616942387757,-7.368132682618493
2019-02-28,79.70816545323254,0.7642094377078199,-7.231396910882864
2019-03-01,83.32246209257,2.9705281363027294,-6.457280824483281
2019-03-04,85.21450999772651,4.189517569622301,-4.777001807452326
2019-03-05,86.18479097472985,4.791158468351716,-2.247177736381473
2019-03-06,87.60382690359727,5.6720218171373045,-0.4982077774538898
2019-03-07,85.82093560835364,4.594428567466355,0.767913410646486
2019-03-08,79.01684025711765,0.44041794394186445,-3.1625892996089955
2019-03-11,82.25515301786632,2.4279007156585632,0.7266730010262196
2019-03-12,83.38310465363269,3.125325240056337,2.473409258268907
2019-03-13,82.00045426140292,2.2697259209768554,0.1448583233170535
2019-03-14,80.84824560121149,1.5637335952004923,-2.187827728803499
2019-03-15,82.93434970176867,2.8412147494700717,-1.0708661242894386
2019-03-18,87.71298351351015,5.7724463352190645,1.5537333554611361
2019-03-19,86.91250170748238,5.284054195737459,1.94134520899603
2019-03-20,86.97314426854511,5.324613947776495,1.823291305897693
2019-03-21,87.03378682960782,5.364487177269181,3.183689473376219
2019-03-22,86.88824468305731,5.2796329905388895,3.7866412455416056
2019-03-25,82.80093606743073,2.781349983427336,2.4488385397350694
2019-03-26,80.90888816227417,1.617364736522256,-0.40869356695761017
2019-03-27,82.82519309185581,2.7967830102695532,0.5697231520595206
2019-03-28,82.15812492016599,2.3850891696674514,-0.8656793951357404
2019-03-29,88.61049341723823,6.337976148009859,2.4116409455610004
2019-04-01,93.15868549694144,9.127646784699106,6.291654613600079
2019-04-02,93.03740037481602,9.055067621097761,6.618624235441759
2019-04-03,95.30543215856135,10.45203115933611,7.735235093410271
2019-04-04,97.11258047823007,11.55249934025183,8.39096499051046
2019-04-08,96.93065279504194,11.41513990917581,7.949245867236527
2019-04-09,97.73113460106974,11.914983244730724,8.141547275926962
2019-04-10,98.19201806514631,12.201043459348666,8.007045205876231
2019-04-11,94.22599457164512,9.777069652655292,5.7256050700967
2019-04-12,93.8136251564187,9.53099251113745,5.489183438043491
2019-04-15,93.20719954579162,9.171474384058829,4.411376224220824
2019-04-16,98.15563252850866,12.199450727041107,6.64561325910553
2019-04-17,98.22840360178392,12.239269034730073,7.2126596612120695
2019-04-18,97.54920691788159,11.822851919009002,6.611646225219534
2019-04-19,99.70808209171403,13.155584407809764,7.257905965589554
2019-04-22,95.46310281732438,10.546881114341426,5.649308466264742
2019-04-23,95.15989001201085,10.365501857592704,3.8959634056898858
2019-04-24,95.64503050051252,10.669851032845711,4.849680183761663
2019-04-25,91.69113551922386,8.245822304348616,0.7642951831238493
2019-04-26,89.32607563777822,6.802971599111467,-0.1659031160507726
2019-04-29,89.82334463849242,7.106661712719969,-2.795191523305173
2019-04-30,90.40551322469446,7.460303206801726,-2.0206139282929967
2019-05-06,90.40551322469446,1.1828783473809525,-9.381897823100797
2019-05-07,90.40551322469446,2.1728987810380263,-8.18924880612336
2019-05-08,90.40551322469446,0.7116767324602334,-8.662996627110454
2019-05-09,90.40551322469446,-1.1489915944925608,-9.758230406144186
2019-05-10,90.40551322469446,2.441548783880227,-6.510852744231733
2019-05-13,90.40551322469446,0.7464971560116923,-7.589287609767505
2019-05-14,90.40551322469446,0.09910639479275185,-8.333091810492745
2019-05-15,90.40551322469446,2.3493076145510905,-6.285045810267894
2019-05-16,90.40551322469446,2.8126004897377244,-5.697951474030812
2019-05-17,90.40551322469446,0.19824025048736374,-8.75828892543627
2019-05-20,90.40551322469446,-0.6521689581416288,-9.109423138232717
2019-05-21,90.40551322469446,0.6929758582973436,-7.516036962778585
2019-05-22,90.40551322469446,0.21523854873526724,-8.134089296747637
2019-05-23,90.40551322469446,-1.581116346074374,-10.044218063188648
2019-05-24,90.40551322469446,-1.3079078335243282,-10.619497778943655
2019-05-27,90.40551322469446,-0.11929015765578503,-8.382288628593924
2019-05-28,90.40551322469446,0.8435714440672245,-8.520039719277236
2019-05-29,90.40551322469446,0.6142454526806079,-8.494601364551736
2019-05-30,90.40551322469446,-0.009831002863902248,-9.056903458120948
2019-05-31,90.40551322469446,-0.32272051859363804,-9.322787800001363
2019-06-03,90.40551322469446,-0.26167493377116985,-10.396902944923383
2019-06-04,90.40551322469446,-1.1828783473809652,-11.475042444947091
2019-06-05,90.40551322469446,-1.2202526348048848,-11.688960917050846
2019-06-06,90.40551322469446,-2.1107547601413805,-13.628035503672965
2019-06-10,90.40551322469446,-0.845740855313732,-12.76999869116157
2019-06-11,90.40551322469446,2.1346457447547595,-9.517138306931658
2019-06-12,89.11531443714918,1.3607975304960078,-10.218262191165353
2019-06-13,88.86233428272857,1.2042154681218709,-9.95690063368825
2019-06-14,88.86233428272857,0.36627350893480914,-11.472937965673728
2019-06-17,88.86233428272857,0.3647631593328182,-11.338325133555971
2019-06-18,89.48669363908088,0.7160979376588035,-11.443032207578453
2019-06-19,92.07332525825466,2.04300871526642,-10.302736727612256
2019-06-20,97.4122348564508,5.134557046041768,-8.533921898343676
2019-06-21,97.67981743774463,5.283395134092955,-7.304979844072846
2019-06-24,98.03659421280311,5.484601161980593,-7.251463305357914
2019-06-25,96.16351614374622,4.387373367483711,-8.160007620430202
2019-06-26,95.89593356245238,4.195751194343273,-8.388823590548082
2019-06-27,97.90917393599649,5.307533266823024,-7.560138725796867
2019-06-28,97.628849327022,5.0540691427063384,-8.612452203860531
2019-07-01,102.8530806760922,8.08091958871258,-5.847424883473679
2019-07-02,102.91679081449553,8.118211493430932,-6.140039804194817
2019-07-03,100.96726057935466,6.919955041011482,-6.946535334853113
2019-07-04,100.01160850330525,6.358846433419256,-7.236399664243243
2019-07-05,101.10742288384193,6.910838021595803,-6.910777647550306
2019-07-08,96.85158563850179,4.428015502228316,-10.083723200425624
2019-07-09,96.50755089112401,4.162743190314203,-9.883557684976811
2019-07-10,96.27819439287214,3.9872680274641934,-10.580601833075294
2019-07-11,96.36738858663675,3.945582378449119,-10.56799341777957
2019-07-12,97.7817536591899,4.591188181047531,-10.253798354334126
2019-07-15,98.52079126466815,5.0156238801100885,-9.076822169839973
2019-07-16,97.70530149310596,4.539369459248156,-8.952750194433575
2019-07-17,97.64159135470265,4.478790709757209,-9.007392814163216
2019-07-18,95.98512775621698,3.483690009257061,-10.576097509016488
2019-07-19,95.98512775621698,4.56987852120846,-9.937701875404864
2019-07-22,95.98512775621698,3.8484257076880315,-11.82279841469946
2019-07-23,95.98512775621698,4.074428929950256,-10.948811864537257
2019-07-24,95.98512775621698,4.896031652533905,-10.042242806326799
2019-07-25,97.46843511785086,5.753745461056175,-9.698585033054167
2019-07-26,97.85811756031399,5.959757146768361,-9.5792204454961
2019-07-29,97.64442073702777,5.841730190597875,-9.59936068134916
2019-07-30,97.64442073702777,6.282395282656431,-9.121256219059298
2019-07-31,97.64442073702777,5.322389614726293,-9.485183450596507
2019-08-01,97.64442073702777,4.446688915489346,-10.08946436756613
2019-08-02,97.64442073702777,2.9079996627801177,-11.20723822723835
2019-08-05,97.64442073702777,0.9377074156243177,-12.276738286034536
2019-08-06,97.64442073702777,-0.14315368136731654,-14.149023346243883
2019-08-07,97.64442073702777,-0.5522387362932376,-14.595726762533701
2019-08-08,97.64442073702777,0.7620949482650327,-14.046789958384837
2019-08-09,97.64442073702777,-0.22001674565795554,-15.07591724375242
2019-08-12,97.64442073702777,1.5807318934483958,-13.512455286738067
2019-08-13,97.64442073702777,0.6648284338965299,-14.004552690161393
2019-08-14,97.64442073702777,1.1220524497733149,-13.53470000186449
2019-08-15,97.64442073702777,1.4405714503832259,-13.115465578195522
2019-08-16,97.64442073702777,1.8947198452523215,-12.818032507559042
2019-08-19,97.64442073702777,4.1068602550403766,-10.005155974219756
2019-08-20,97.5507377098637,4.014536703005673,-10.050014611362675
2019-08-21,97.93885310811491,3.8504578144252637,-9.863288226712235
2019-08-22,98.13960245203793,4.173095950313334,-9.767423657706816
2019-08-23,98.13960245203793,4.924343842345855,-9.767645181840852
2019-08-26,98.13960245203793,3.415284902737596,-10.366572598904531
2019-08-27,98.13960245203793,4.816752028880082,-8.8774689095493
2019-08-28,97.86129788033752,4.422386017348141,-9.023859441460118
2019-08-29,98.07333945877592,4.081925756156528,-8.913281977885612
2019-08-30,96.13846005552547,4.340058233588462,-9.793637346901445
2019-09-02,101.08167935287082,5.678310363661971,-7.545148926060224
2019-09-03,102.47320221137285,5.823605995373935,-6.882699463560841
2019-09-04,104.44783941058051,6.7130920673418215,-5.976554993273977
2019-09-05,106.36946621517855,7.792909650062972,-5.143273502741455
2019-09-06,106.9923383518414,8.42956319865683,-4.8436251907645875
2019-09-09,111.33919070982867,9.100735100881733,-2.8347335812311463
2019-09-10,110.63680298125148,8.724987580807129,-3.1698626753432664
2019-09-11,109.55008989175465,7.924062917319892,-3.6870107662575116
2019-09-12,110.58379258664185,9.085109847726546,-3.2195948434350483
2019-09-16,110.82233936238508,8.68242318293272,-3.076933301113877
2019-09-17,106.40922401113578,6.856410514120249,-5.105522098232293
2019-09-18,106.43572920844058,7.374405505800975,-5.094667415664383
2019-09-19,108.42361900630063,7.76706894141793,-4.160020173464476
2019-09-20,108.94047035374422,8.076525844415858,-3.923432398310721
2019-09-23,107.60195788985179,6.841059869983611,-4.532623766918204
2019-09-24,107.9995358494238,7.127037701895973,-4.36173635785156
2019-09-25,104.26230302944688,6.300684243291507,-6.09206136883085
2019-09-26,99.61064090245436,5.481113627445077,-8.247657336131676
2019-09-27,100.98891116230399,5.797325912299205,-7.59436420450591
2019-09-30,98.39140182643351,4.750379029097835,-8.78922846282372
2019-10-08,98.39140182643351,5.386126367930498,-8.77340794758443
2019-10-09,98.39140182643351,5.538808982241306,-8.012970976461757
2019-10-10,98.39140182643351,6.40108130047142,-6.842474372888242
2019-10-11,98.39140182643351,7.419496306645997,-6.673432998271931
2019-10-14,98.39140182643351,8.559563108035851,-5.2775540486581365
2019-10-15,97.60393905560171,8.092947463724824,-6.572159548327049
2019-10-16,97.60393905560171,7.720467790970904,-6.99021250994782
2019-10-17,97.60393905560171,7.790108638073822,-7.147162358914502
2019-10-18,97.60393905560171,6.256582034913235,-8.403333421327643
2019-10-21,97.60393905560171,6.57133889196908,-8.602188252316727
2019-10-22,97.60393905560171,6.98437831676205,-7.595785651032665
2019-10-23,96.43615518340084,6.303457794378799,-8.303887545488587
2019-10-24,96.43615518340084,6.292006598305491,-8.469070708103736
2019-10-25,96.43615518340084,7.009422659253315,-7.7985540750564315
2019-10-28,96.43615518340084,7.827565308203309,-6.1389875645581355
2019-10-29,95.67596283452308,7.378332414766164,-7.5559113069056165
2019-10-30,94.79315881647146,6.856547818629523,-8.660153734056943
2019-10-31,94.58471897887593,6.733687743732668,-9.222788113827212
2019-11-01,97.61322720746965,8.536111497852145,-8.393327914606871
2019-11-04,98.79029923153847,9.242790346174873,-7.922829114252358
2019-11-05,99.93058775485514,9.920827473863394,-7.231193847093339
2019-11-06,99.09682840447306,9.428426042711031,-8.164696547934028
2019-11-07,99.41561874432503,9.620460129379282,-7.567836689454732
2019-11-08,98.5450758931908,9.10243767679672,-7.914392736814379
2019-11-11,95.30812782700154,7.179295798125022,-9.984425007342606
2019-11-12,95.30812782700154,7.198793038441691,-9.88372382807734
2019-11-13,95.30812782700154,7.096995475267203,-9.995796579556611
2019-11-14,95.30812782700154,7.258355734564016,-9.320812543139516
2019-11-15,95.30812782700154,6.468360510014847,-10.126994247941258
2019-11-18,96.73931815093913,7.315254723206464,-9.683502931595006
2019-11-19,98.56531959872154,8.389250594734483,-8.157718537711801
2019-11-20,96.73931815093913,7.313469764585923,-8.690059492152235
2019-11-21,95.88800666514864,6.811868931312315,-8.700341904040544
2019-11-22,94.04966736974605,5.7243073742682,-9.468956807778147
2019-11-25,94.04966736974605,6.499034337386287,-9.516584496596549
2019-11-26,94.04966736974605,6.868301084623229,-9.873607559289542
2019-11-27,94.04966736974605,6.427965523386932,-9.46574470783458
2019-11-28,94.04966736974605,6.062296154292921,-9.742594494349932
2019-11-29,94.04966736974605,5.138731103123647,-9.63770281688243
2019-12-02,94.04966736974605,5.341612246024412,-9.444256866832793
2019-12-03,94.04966736974605,5.754322139995124,-9.055961980551292
2019-12-04,94.04966736974605,5.719501716443665,-9.162773533847137
2019-12-05,94.04966736974605,6.530806600831892,-8.296355724931267
2019-12-06,94.04966736974605,7.163011483325329,-7.504259262985507
2019-12-09,94.65012390845027,6.972460285357208,-7.244079167556602
2019-12-10,95.64662624927851,7.1080622187145455,-6.792779125485475
2019-12-11,94.8545346450304,7.1730072516003425,-7.194716206354892
2019-12-12,94.42016182979759,6.851028177356777,-7.476734889331151
2019-12-13,96.87309066875942,8.970927417815695,-6.338026998992238
2019-12-16,100.41195154580332,9.50160934615317,-4.633140342738449
2019-12-17,103.20982350274416,10.99144565446331,-3.3404916395868782
2019-12-18,103.15872081859914,10.743830702441631,-3.3578074427309352
2019-12-19,103.42700991036055,10.589143442295438,-3.235729184530891
2019-12-20,101.25514583419643,10.317362896641827,-4.289113362575743
2019-12-23,97.29468781295597,8.940033903229425,-6.141147424865004
2019-12-24,100.2586434933682,9.650227746989527,-4.706409450071877
2019-12-25,101.03795942658004,9.59280700121185,-4.318225325857384
2019-12-26,102.44328324056859,10.557233874340557,-3.6528775892709864
2019-12-27,100.96130540036249,10.448488702996888,-4.3903314314871045
2019-12-30,103.41423423932432,12.085323218933953,-3.2320186552857364
2019-12-31,104.41073658015256,12.495836240756322,-2.757144753283949
